{
    "total": 100,
    "custom": {
        "main": 0.5128912858831189,
        "F1": 0.5128912858831189,
        "EM": 0.48,
        "executability": 0.7
    }
}