{
    "total": 100,
    "custom": {
        "main": 0.5180914053215703,
        "F1": 0.5180914053215703,
        "EM": 0.5,
        "executability": 0.76
    }
}