{
    "total": 100,
    "custom": {
        "main": 0.510891285883119,
        "F1": 0.510891285883119,
        "EM": 0.48,
        "executability": 0.69
    }
}