{
    "total": 100,
    "custom": {
        "main": 0.5000605172906823,
        "F1": 0.5000605172906823,
        "EM": 0.48,
        "executability": 0.76
    }
}