{
    "total": 100,
    "custom": {
        "main": 0.5016845774410582,
        "F1": 0.5016845774410582,
        "EM": 0.48,
        "executability": 0.74
    }
}